episode,step,reward,total_reward,lane_deviation,steering_variance
1,summary,0.0,0.0,0.0,0.0
1,1,0.9831317798262784,,0.2940484591860737,-0.05
1,2,0.9843779142227256,,0.2822865208186309,-0.1
1,3,0.9843779142227256,,0.2822865208186309,-0.15000000000000002
1,4,0.9843779142227256,,0.2822865208186309,-0.2
1,5,0.9843779142227256,,0.2822865208186309,-0.25
1,6,0.9829730996839018,,0.29404845918607414,-0.3
1,7,0.9829730996839018,,0.29404845918607414,-0.35
1,8,0.9829730996839018,,0.29404845918607414,-0.39999999999999997
1,9,0.9815013009242101,,0.3058103975535169,-0.44999999999999996
1,10,0.978556492299504,,0.3293342742884029,-0.49999999999999994
1,11,0.978556492299504,,0.3293342742884029,-0.5499999999999999
1,12,0.9736128110648405,,0.36462008939073165,-0.6
1,13,0.9698326146086443,,0.38814396612561763,-0.65
1,14,0.9583437897056912,,0.45871559633027514,-0.7000000000000001
1,15,0.95442435615664,,0.48223947306516113,-0.65
1,16,0.9396926207859082,,0.5528111032698191,-0.6
1,17,0.9321569822303877,,0.5880969183721478,-0.5499999999999999
1,18,0.9151456172430182,,0.6586685485768053,-0.49999999999999994
1,19,0.8722204410399519,,0.7998118089861208,-0.44999999999999996
1,20,0.8757349421956367,,0.7998118089861208,-0.39999999999999997
1,21,0.8534135097927948,,0.8703834391907788,-0.35
1,22,0.8309571184387639,,0.9409550693954363,-0.3
1,23,0.8037589099465633,,1.011526699600094,-0.25
1,24,0.774903153117996,,1.0938602681721947,-0.2
1,25,0.7515336691679474,,1.1409080216419665,-0.15000000000000002
1,26,0.7238885972839258,,1.2114796518466244,-0.10000000000000002
1,27,0.7031757437246946,,1.2585274053163964,-0.05000000000000002
1,28,0.6709596778396021,,1.329099035521054,-1.3877787807814457e-17
1,29,0.6487451577207017,,1.3761467889908259,0.04999999999999999
1,30,0.6415254183886349,,1.3879087273582689,0.09999999999999999
1,31,0.6259635053358716,,1.4231945424605976,0.15
1,32,0.6109686334241652,,1.4467184191954836,0.2
1,33,0.6109686334241652,,1.4467184191954836,0.25
1,34,0.6068001458185934,,1.4584803575629264,0.3
1,35,0.6068001458185934,,1.4584803575629264,0.35
1,36,0.6259635053358716,,1.4231945424605976,0.39999999999999997
1,37,0.6415254183886349,,1.3879087273582689,0.44999999999999996
1,38,0.6639754623021221,,1.340860973888497,0.49999999999999994
1,39,0.6898346483367868,,1.2820512820512822,0.5499999999999999
1,40,0.7277501727563223,,1.1997177134791817,0.6
1,41,-0.23166258832770414,,1.776052693483886,0.65
1,42,0.8037589099465633,,1.011526699600094,0.0
1,43,0.831210410337726,,0.9291931310279935,0.05
1,44,0.8787285018606296,,0.788049870618678,0.1
1,45,0.9055215358815089,,0.6939543636791341,0.15000000000000002
1,46,0.9169525906232119,,0.6469066102093626,0.2
1,47,0.9396926207859082,,0.5528111032698191,0.25
1,48,0.9598752415428891,,0.44695365796283193,0.3
1,49,0.9701157849175225,,0.38814396612561763,0.35
1,50,0.9828121720837285,,0.2940484591860737,0.39999999999999997
1,51,0.9938009901992347,,0.17642907551164422,0.0
1,52,0.9977668786231532,,0.10585744530698671,0.0
1,53,0.9999724204599745,,0.01176193836744277,0.0
1,54,0.9997541237384965,,0.035285815102328755,0.0
1,55,0.999002586734068,,0.07057163020465751,0.0
1,56,0.9873905157490283,,0.24700070571630217,0.0
1,57,0.9946246760209361,,0.16466713714420145,0.0
1,58,0.9912025308994147,,0.21171489061397297,0.0
1,59,0.9879757441251349,,0.24700070571630217,0.0
1,60,0.9855821271339125,,0.2705245824511877,0.0
1,61,0.9843779142227256,,0.2822865208186309,0.0
1,62,0.9816740586504576,,0.3058103975535169,0.0
1,63,0.9787566528793804,,0.3293342742884029,0.0
1,64,0.977324242541677,,0.34109621265584567,0.0
1,65,0.9738594915589396,,0.36462008939073165,0.0
1,66,0.9753967987351975,,0.3528581510232889,0.0
1,67,0.9706703137352692,,0.38814396612561763,0.0
1,68,0.9687297122400949,,0.3999059044930604,0.0
1,69,0.9667184042691874,,0.4116678428605036,0.0
1,70,0.9649649145228099,,0.4234297812279464,0.0
1,71,0.9609902014598717,,0.4469536579628324,0.0
1,72,0.9609902014598717,,0.4469536579628324,0.0
1,73,0.9568064376975011,,0.47047753469771836,0.0
1,74,0.9524145333581313,,0.4940014114326039,0.0
1,75,0.9524145333581313,,0.4940014114326039,0.0
1,76,0.9524145333581313,,0.4940014114326039,0.0
1,77,0.9478154438424242,,0.5175252881674899,0.0
1,78,0.9478154438424242,,0.5175252881674899,0.0
1,79,0.9430101696214336,,0.5410491649023759,0.0
1,80,0.9451838281608194,,0.5292872265349331,0.0
1,81,0.9408059795329069,,0.5528111032698191,0.0
1,82,0.9327852929841914,,0.5880969183721478,0.0
1,83,0.9327852929841914,,0.5880969183721478,0.0
1,84,0.9357168190404938,,0.5763349800047046,0.0
1,85,0.9304250580138522,,0.599858856739591,0.0
1,86,0.9242327367343957,,0.623382733474477,0.0
1,87,0.9242327367343957,,0.623382733474477,0.0
1,88,0.9217488001088784,,0.6351446718419198,0.0
1,89,0.9291188404714876,,0.599858856739591,0.0
1,90,0.9235238639068853,,0.6233827334744766,0.0
1,91,0.9192383610453614,,0.6469066102093626,0.0
1,92,0.9125404887236661,,0.6704304869442481,0.0
1,93,0.9099102938450416,,0.6821924253116913,0.0
1,94,0.9063945453438433,,0.6939543636791345,0.0
1,95,0.9099102938450416,,0.6821924253116913,0.0
1,96,0.903693477637204,,0.7057163020465773,0.0
1,97,0.9000504988739985,,0.7174782404140201,0.0
1,98,0.8734082006171299,,0.7998118089861213,0.0
1,99,0.8935097358794142,,0.7410021171489065,0.0
1,100,0.8906714807059215,,0.7527640555163493,0.0
1,101,0.8906714807059215,,0.7527640555163493,0.0
1,102,0.8867736859200619,,0.764525993883792,0.0
1,103,0.8798438212381547,,0.7880498706186776,0.0
1,104,0.8768745107535542,,0.7998118089861208,0.0
1,105,0.8738855072257429,,0.8115737473535636,0.0
1,106,0.86968913631734,,0.8233356857210068,0.0
1,107,0.8610436117673553,,0.8468595624558928,0.0
1,108,0.8623145725200276,,0.8468595624558928,0.0
1,109,0.8592025808698112,,0.8586215008233355,0.0
1,110,0.8592025808698112,,0.8586215008233355,0.0
1,111,0.845596003501826,,0.8939073159256647,0.0
1,112,0.850217135729614,,0.8821453775582215,0.0
1,113,0.850217135729614,,0.8821453775582215,0.0
1,114,0.8437755598231856,,0.9056692542931075,0.0
1,115,0.8390719910244483,,0.9174311926605507,0.0
1,116,0.8090169943749477,,0.9880028228652082,0.0
1,117,0.83428226447651,,0.9291931310279935,0.0
1,118,0.8309571184387639,,0.9409550693954363,0.0
1,119,0.8276178043395583,,0.9527170077628795,0.0
1,120,0.8276178043395583,,0.9527170077628795,0.0
1,121,0.8276178043395583,,0.9527170077628795,0.0
1,122,0.8226614821298442,,0.9644789461303223,0.0
1,123,0.8278330320994026,,0.9409550693954367,0.0
1,124,0.8141868867035739,,0.9880028228652082,0.0
1,125,0.8055351756960262,,1.0115266996000942,0.0
1,126,0.8258466092938042,,0.9644789461303227,0.0
1,127,0.8002391040248508,,1.0232886379675372,0.0
1,128,0.7967082311724226,,1.03505057633498,0.0
1,129,0.791286312093453,,1.046812514702423,0.0
1,130,0.7877079733177186,,1.0585744530698658,0.0
1,131,0.7707972125799732,,1.0938602681721947,0.0
1,132,0.7785363600188893,,1.082098329804752,0.0
1,133,0.7728638882338742,,1.093860268172195,0.0
1,134,0.7691953864390206,,1.1056222065396377,0.0
1,135,0.7691953864390206,,1.1056222065396377,0.0
1,136,0.7655187183502341,,1.117384144907081,0.0
1,137,0.759687084583285,,1.129146083274524,0.0
1,138,0.7500135228569069,,1.1526699600094095,0.0
1,139,0.7687026412782201,,1.0938602681721947,0.0
1,140,0.75224297598609,,1.15266996000941,0.0
1,141,0.7462546684117777,,1.1644318983768527,0.0
1,142,0.7301790727058342,,1.1997177134791814,0.0
1,143,0.7301790727058342,,1.1997177134791814,0.0
1,144,0.7149586493225452,,1.2232415902140676,0.0
1,145,0.7071067811865475,,1.2467654669489532,0.0
1,146,0.7200224990032572,,1.2232415902140672,0.0
1,147,0.7200224990032572,,1.2232415902140672,0.0
1,148,0.7136101544117522,,1.2350035285815102,0.0
1,149,0.7097092939356622,,1.2467654669489534,0.0
1,150,0.7031757437246946,,1.2585274053163964,0.0
1,151,0.699241701004314,,1.2702893436838392,0.0
1,152,0.699241701004314,,1.2702893436838392,0.0
1,153,0.6925876457847999,,1.282051282051282,0.0
1,154,0.6886219972955141,,1.2938132204187252,0.0
1,155,0.6818481747442551,,1.3055751587861681,0.0
1,156,0.6778524929852513,,1.317337097153611,0.0
1,157,0.6709596778396021,,1.329099035521054,0.0
1,158,0.6599245348787227,,1.3526229122559397,0.0
1,159,0.6558734856903403,,1.3643848506233829,0.0
1,160,0.6558734856903403,,1.3643848506233829,0.0
1,161,0.630087843581711,,1.4114326040931544,0.0
1,162,0.6075273243871369,,1.4467184191954834,0.0
1,163,0.649731046672945,,1.3643848506233829,0.0
1,164,0.9954719225730846,,0.10585744530698649,0.0
1,165,0.6333238030480471,,1.4114326040931549,0.0
1,166,0.6292250906105766,,1.4231945424605976,0.0
1,167,-0.8785122509109423,,1.6231474947071278,0.0
1,168,0.6102230655313071,,1.4584803575629266,0.0
1,169,0.6060826876497478,,1.4702422959303694,0.0
1,170,0.6060826876497478,,1.4702422959303694,0.0
1,171,0.6283736161855993,,1.4349564808280406,0.0
1,172,0.5907713506316188,,1.4937661726652554,0.0
1,173,0.5907713506316188,,1.4937661726652554,0.0
1,174,0.5907713506316188,,1.4937661726652554,0.0
1,175,0.5865913730857585,,1.5055281110326981,0.0
1,176,0.5824153992660357,,1.5172900494001413,0.0
1,177,0.5586467658036524,,1.55257586450247,0.0
1,178,0.5624492876407806,,1.55257586450247,0.0
1,179,0.5624492876407806,,1.55257586450247,0.0
1,180,0.5624492876407806,,1.55257586450247,0.0
1,181,0.5582437220268646,,1.5643378028699133,0.0
1,182,0.5501933950752657,,1.576099741237356,0.0
1,183,0.542053356472449,,1.587861679604799,0.0
1,184,0.5547962547783121,,1.5525758645024699,0.0
1,185,0.5378178152185702,,1.5996236179722418,0.0
1,186,0.5253252402142989,,1.6231474947071276,0.0
1,187,0.5169728102004258,,1.6349094330745706,0.0
1,188,0.5127183876568023,,1.6466713714420138,0.0
1,189,0.5000000000000002,,1.6701952481768996,0.0
1,190,0.49144032689614264,,1.6819571865443426,0.0
1,191,0.5000000000000002,,1.6701952481768996,0.0
1,192,0.49571608878004914,,1.6701952481768998,0.0
1,193,0.4785115691012864,,1.7054810632792285,0.0
1,194,0.4785115691012864,,1.7054810632792285,0.0
1,195,0.4785115691012864,,1.7054810632792285,0.0
1,196,0.4785115691012864,,1.7054810632792285,0.0
1,197,0.4785115691012864,,1.7054810632792285,0.0
1,198,0.46092494311882803,,1.7290049400141145,0.0
1,199,0.4566292373937127,,1.7407668783815573,0.0
1,200,0.4742397099172184,,1.7172430016466713,0.0
1,201,0.4566292373937127,,1.7407668783815573,0.0
1,202,0.44339590333098816,,1.7642907551164435,0.0
1,203,0.4343616377140578,,1.7760526934838865,0.0
1,204,0.4343616377140578,,1.7760526934838865,0.0
1,205,0.4343616377140578,,1.7760526934838865,0.0
1,206,0.4343616377140578,,1.7760526934838865,0.0
1,207,0.42524033494469854,,1.7878146318513295,0.0
1,208,0.3930250316539238,,1.834862385321101,0.0
1,209,0.4024146372609768,,1.823100446953658,0.0
1,210,0.4160319964412938,,1.7995765702187723,0.0
1,211,0.40673664307580026,,1.8113385085862153,0.0
1,212,0.3616276395675223,,1.9066102093625028,0.0
1,213,0.4024146372609768,,1.823100446953658,0.0
1,214,0.3930250316539238,,1.834862385321101,0.0
1,215,0.3668765845217755,,1.9066102093625026,0.0
1,216,0.35736733286714795,,1.9183721477299456,0.0
1,217,0.3696577394150352,,1.8701482004234298,0.0
1,218,0.33384759178598794,,1.9536579628322743,0.0
1,219,0.3296063379509723,,1.9654199011997175,0.0
1,220,0.3296063379509723,,1.9654199011997175,0.0
1,221,0.3653410243663951,,1.881910138790873,0.0
1,222,0.31984612490331676,,1.9771818395671603,0.0
1,223,0.32537837596905983,,1.9771818395671603,0.0
1,224,0.3057744549123282,,2.000705716302046,0.0
1,225,0.30155733709397003,,2.0124676546694893,0.0
1,226,0.29163567040749117,,2.0242295930369325,0.0
1,227,0.29735414701558555,,2.024229593036932,0.0
1,228,0.2874324842133743,,2.035991531404375,0.0
1,229,0.2774328747142585,,2.047753469771818,0.0
1,230,0.27324483916612,,2.0595154081392613,0.0
1,231,0.27324483916612,,2.0595154081392613,0.0
1,232,0.2631691852079132,,2.0712773465067045,0.0
1,233,0.24884773262933904,,2.09480122324159,0.0
1,234,0.244693583277883,,2.106563161609033,0.0
1,235,0.244693583277883,,2.106563161609033,0.0
1,236,0.2344716603978503,,2.1183250999764756,0.0
1,237,0.23033620971109933,,2.1300870383439188,0.0
1,238,0.22004412392124129,,2.141848976711362,0.0
1,239,0.21592851716347028,,2.1536109150788043,0.0
1,240,0.21592851716347028,,2.1536109150788043,0.0
1,241,0.21592851716347028,,2.1536109150788043,0.0
1,242,0.20556828990321108,,2.1653728534462475,0.0
1,243,0.20147365312277551,,2.1771347918136907,0.0
1,244,0.20147365312277551,,2.1771347918136907,0.0
1,245,0.16998213558364092,,2.2124206069160195,0.0
1,246,0.16840176523365946,,2.2359444836509055,0.0
1,247,0.17887740003651767,,2.2241825452834627,0.0
1,248,0.15785765735435425,,2.2477064220183482,0.0
1,249,0.15785765735435425,,2.2477064220183482,0.0
1,250,0.14724566885998702,,2.2594683603857915,0.0
1,251,0.14324577795962004,,2.271230298753234,0.0
1,252,0.14324577795962004,,2.271230298753234,0.0
1,253,0.14324577795962004,,2.271230298753234,0.0
1,254,0.1218406828985961,,2.29475417548812,0.0
1,255,0.12464561585392582,,2.306516113855563,0.0
1,256,0.11393133818181904,,2.3182780522230058,0.0
1,257,0.11393133818181904,,2.3182780522230058,0.0
1,258,0.10315317372436901,,2.330039990590449,0.0
1,259,0.08840608584197572,,2.3535638673253354,0.0
1,260,0.08451734661006084,,2.3653258056927777,0.0
1,261,0.09533405151984829,,2.353563867325335,0.0
1,262,0.09533405151984829,,2.353563867325335,0.0
1,263,0.07363959368503618,,2.377087744060221,0.0
1,264,0.06978104786152713,,2.3888496824276637,0.0
1,265,0.06978104786152713,,2.3888496824276637,0.0
1,266,0.05885693835471597,,2.4006116207951065,0.0
1,267,0.07679073774308959,,2.388849682427664,0.0
1,268,0.044061364499839724,,2.424135497529993,0.0
1,269,0.04026594010941557,,2.4358974358974352,0.0
1,270,0.029256119604723935,,2.4476593742648785,0.0
1,271,0.02549357894199595,,2.4594213126323217,0.0
1,272,0.014444453276381764,,2.471183250999765,0.0
1,273,0.010715648476931086,,2.482945189367207,0.0
1,274,-0.0003703834687291518,,2.4947071277346504,0.0
1,275,-0.00406462291625417,,2.506469066102093,0.0
1,276,0.007004197647987373,,2.4947071277346504,0.0
1,277,-0.01518513891827714,,2.518231004469536,0.0
1,278,-0.018844006356638292,,2.529992942836979,0.0
1,279,-0.018844006356638292,,2.529992942836979,0.0
1,280,-0.041198072795451075,,2.553516819571865,0.0
1,281,-0.03722454240293218,,2.565278757939308,0.0
1,282,-0.048387195530555926,,2.577040696306751,0.0
1,283,-0.048387195530555926,,2.577040696306751,0.0
1,284,-0.048387195530555926,,2.577040696306751,0.0
1,285,-0.07085103486994186,,2.600564573041637,0.0
1,286,-0.06667524335757062,,2.61232651140908,0.0
1,287,-0.07788810457157556,,2.624088449776523,0.0
1,288,-0.07788810457157556,,2.624088449776523,0.0
1,289,-0.07788810457157556,,2.624088449776523,0.0
1,290,-0.08914392801230679,,2.6358503881439663,0.0
1,291,-0.10388996067543504,,2.659374264878852,0.0
1,292,-0.10732095595030654,,2.6711362032462946,0.0
1,293,-0.10732095595030654,,2.6711362032462946,0.0
1,294,-0.10732095595030654,,2.6711362032462946,0.0
1,295,-0.10732095595030654,,2.6711362032462946,0.0
1,296,-0.09606795742561307,,2.659374264878852,0.0
1,297,-0.12994337207826367,,2.6946600799811806,0.0
1,298,-0.14797832095177352,,2.7299458950835094,0.0
1,299,-0.15128638843459627,,2.7417078334509526,0.0
1,300,-0.15128638843459627,,2.7417078334509526,0.0
1,301,-0.16261377621025383,,2.753469771818396,0.0
1,302,-0.16587969541518585,,2.765231710185838,0.0
1,303,-0.17721353932911924,,2.7769936485532813,0.0
1,304,-0.18043676451017918,,2.788755586920724,0.0
1,305,-0.18043676451017918,,2.788755586920724,0.0
1,306,-0.1917744058026035,,2.800517525288167,0.0
1,307,-0.20629317966237518,,2.8240414020230533,0.0
1,308,-0.20942947717296054,,2.8358033403904956,0.0
1,309,-0.20942947717296054,,2.8358033403904956,0.0
1,310,-0.20942947717296054,,2.8358033403904956,0.0
1,311,-0.2321274963870765,,2.859327217125382,0.0
1,312,-0.23823919294925938,,2.8828510938602676,0.0
1,313,-0.27227308546710144,,2.918136908962597,0.0
1,314,-0.24728226012589088,,2.9181369089625964,0.0
1,315,-0.2585229912866386,,2.9298988473300396,0.0
1,316,-0.26978133744240135,,2.941660785697483,0.0
1,317,-0.28105562939914625,,2.9534227240649256,0.0
1,318,-0.26978133744240135,,2.941660785697483,0.0
1,319,-0.26978133744240135,,2.941660785697483,0.0
1,320,-0.28105562939914625,,2.9534227240649256,0.0
1,321,-0.26978133744240135,,2.941660785697483,0.0
1,322,-0.29234415575291933,,2.9651846624323683,0.0
1,323,-0.29520912144612077,,2.9769466007998115,0.0
1,324,-0.29520912144612077,,2.9769466007998115,0.0
1,325,-0.3064796581163471,,2.9887085391672548,0.0
1,326,-0.3092981224513003,,3.000470477534698,0.0
1,327,-0.32054789118069366,,3.0122324159021407,0.0
1,328,-0.3233195545478881,,3.023994354269583,0.0
1,329,-0.3345457671058614,,3.035756292637026,0.0
1,330,-0.33727035463011523,,3.047518231004469,0.0
1,331,-0.3484702134944593,,3.0592801693719123,0.0
1,332,-0.3511474750223985,,3.0710421077393555,0.0
1,333,-0.3623181740661635,,3.0828040461067983,0.0
1,334,-0.36494788414513474,,3.0945659844742406,0.0
1,335,-0.37608660932854204,,3.106327922841684,0.0
1,336,-0.37866856717697583,,3.118089861209127,0.0
1,337,-0.38977249724419405,,3.12985179957657,0.0
1,338,-0.392306526713443,,3.141613737944013,0.0
1,339,-0.392306526713443,,3.141613737944013,0.0
1,340,-0.4033728338940568,,3.153375676311456,0.0
1,341,-0.4058587834217358,,3.1651376146788994,0.0
1,342,-0.41688463413673593,,3.176899553046342,0.0
1,343,-0.4193223766915938,,3.1886614914137845,0.0
1,344,-0.4193223766915938,,3.1886614914137845,0.0
1,345,-0.4303049322637177,,3.2004234297812273,0.0
1,346,-0.42174567864188883,,3.2004234297812277,0.0
1,347,-0.4436307826503104,,3.2239473065161137,0.0
1,348,-0.4459718279640664,,3.235709244883557,0.0
1,349,-0.4568592604021807,,3.2474711832509997,0.0
1,350,-0.45915186415850784,,3.259233121618442,0.0
1,351,-0.45915186415850784,,3.259233121618442,0.0
1,352,-0.46998746199734026,,3.270995059985885,0.0
1,353,-0.4830125059234412,,3.2945189367207712,0.0
1,354,-0.46369579493596813,,3.2827569983533285,0.0
1,355,-0.44211084363491177,,3.2592331216184425,0.0
1,356,-0.4852081618158155,,3.3062808750882144,0.0
1,357,-0.4959315333102376,,3.3180428134556577,0.0
1,358,-0.49807873105015876,,3.329804751823101,0.0
1,359,-0.508741708557081,,3.3415666901905436,0.0
1,360,-0.5108404905834186,,3.353328628557986,0.0
1,361,-0.5002128221854727,,3.341566690190543,0.0
1,362,-0.5108404905834186,,3.353328628557986,0.0
1,363,-0.5108404905834186,,3.353328628557986,0.0
1,364,-0.5320096224797703,,3.376852505292872,0.0
1,365,-0.5360264532495168,,3.4003763820277584,0.0
1,366,-0.5569200204113877,,3.423900258762644,0.0
1,367,-0.5503870400388923,,3.4356621971300867,0.0
1,368,-0.5607440426314845,,3.4474241354975295,0.0
1,369,-0.5607440426314845,,3.4474241354975295,0.0
1,370,-0.5503870400388923,,3.4356621971300867,0.0
1,371,-0.5813391773709091,,3.4709480122324154,0.0
1,372,-0.5645204947616221,,3.470948012232415,0.0
1,373,-0.5747669582909356,,3.482709950599858,0.0
1,374,-0.5849716608054814,,3.494471888967301,0.0
1,375,-0.5645204947616221,,3.470948012232415,0.0
1,376,-0.5849716608054814,,3.494471888967301,0.0
1,377,-0.5849716608054814,,3.494471888967301,0.0
1,378,-0.6052455540170227,,3.517995765702187,0.0
1,379,-0.6086881379784447,,3.5415196424370734,0.0
1,380,-0.6086881379784447,,3.5415196424370734,0.0
1,381,-0.6186793756066831,,3.5532815808045166,0.0
1,382,-0.6203482047563695,,3.56504351917196,0.0
1,383,-0.6302506287568418,,3.5768054575394026,0.0
1,384,-0.6318727509859973,,3.588567395906845,0.0
1,385,-0.6318727509859973,,3.588567395906845,0.0
1,386,-0.6416835480342006,,3.6003293342742877,0.0
1,387,-0.6529756240243632,,3.623853211009174,0.0
1,388,-0.65450524140009,,3.6356151493766173,0.0
1,389,-0.65450524140009,,3.6356151493766173,0.0
1,390,-0.65450524140009,,3.6356151493766173,0.0
1,391,-0.6641243782266624,,3.64737708774406,0.0
1,392,-0.6656082413169856,,3.6591390261115024,0.0
1,393,-0.6751273635981673,,3.6709009644789456,0.0
1,394,-0.6859821650907857,,3.6944248412138316,0.0
1,395,-0.6779949921191823,,3.694424841213832,0.0
1,396,-0.6873756233580277,,3.706186779581275,0.0
1,397,-0.6966864001813429,,3.717948717948718,0.0
1,398,-0.6794149182410223,,3.7061867795812753,0.0
1,399,-0.7072377193945218,,3.741472594683604,0.0
1,400,-0.7085423850823089,,3.7532345330510464,0.0
1,401,-0.7085423850823089,,3.7532345330510464,0.0
1,402,-0.7176338068185519,,3.764996471418489,0.0
1,403,-0.7188947326129466,,3.7767584097859324,0.0
1,404,-0.7278723806135275,,3.7885203481533756,0.0
1,405,-0.7290900312352709,,3.800282286520819,0.0
1,406,-0.7290900312352709,,3.800282286520819,0.0
1,407,-0.7379511935122495,,3.8120442248882616,0.0
1,408,-0.7391260536961861,,3.823806163255704,0.0
1,409,-0.7478680333134788,,3.8355681016231467,0.0
1,410,-0.7490006075378816,,3.84733003999059,0.0
1,411,-0.7490006075378816,,3.84733003999059,0.0
1,412,-0.7576207233674953,,3.859091978358033,0.0
1,413,-0.7501256968055532,,3.859091978358033,0.0
1,414,-0.7501256968055532,,3.859091978358033,0.0
1,415,-0.7756094123364194,,3.8943777934603623,0.0
1,416,-0.7692993363703117,,3.906139731827805,0.0
1,417,-0.7776340647029811,,3.917901670195248,0.0
1,418,-0.7776340647029811,,3.917901670195248,0.0
1,419,-0.7692993363703117,,3.906139731827805,0.0
1,420,-0.78587267179916,,3.9296636085626906,0.0
1,421,-0.7949477239520224,,3.953187485297577,0.0
1,422,-0.7958771068028692,,3.9649494236650202,0.0
1,423,-0.7958771068028692,,3.9649494236650202,0.0
1,424,-0.8117143461327382,,3.9884733003999058,0.0
1,425,-0.805623363139614,,4.000235238767349,0.0
1,426,-0.8134247213319398,,4.011997177134791,0.0
1,427,-0.8134247213319398,,4.011997177134791,0.0
1,428,-0.8134247213319398,,4.011997177134791,0.0
1,429,-0.8211182051003556,,4.0237591155022345,0.0
1,430,-0.8294837579267429,,4.047282992237121,0.0
1,431,-0.8302615754016852,,4.059044930604563,0.0
1,432,-0.8302615754016852,,4.059044930604563,0.0
1,433,-0.8302615754016852,,4.059044930604563,0.0
1,434,-0.8449559645563395,,4.082568807339449,0.0
1,435,-0.8463729571772923,,4.106092684074335,0.0
1,436,-0.8463729571772923,,4.106092684074335,0.0
1,437,-0.8463729571772923,,4.106092684074335,0.0
1,438,-0.8604659807982737,,4.129616560809222,0.0
1,439,-0.861744788732666,,4.153140437544106,0.0
1,440,-0.861744788732666,,4.153140437544106,0.0
1,441,-0.861744788732666,,4.153140437544106,0.0
1,442,-0.861744788732666,,4.153140437544106,0.0
1,443,-0.8685452517160752,,4.1649023759115495,0.0
1,444,-0.8757922928141649,,4.188426252646436,0.0
1,445,-0.8763636383515455,,4.200188191013879,0.0
1,446,-0.8763636383515455,,4.200188191013879,0.0
1,447,-0.8828471060363816,,4.211950129381322,0.0
1,448,-0.8833866771214872,,4.223712067748765,0.0
1,449,-0.889708142919954,,4.235474006116207,0.0
1,450,-0.8902167322639697,,4.24723594448365,0.0
1,451,-0.8963738975341309,,4.2589978828510935,0.0
1,452,-0.8907218349823394,,4.2589978828510935,0.0
1,453,-0.8968523116930804,,4.270759821218537,0.0
1,454,-0.9028429068107149,,4.28252175958598,0.0
1,455,-0.9032919658078439,,4.294283697953423,0.0
1,456,-0.9032919658078439,,4.294283697953423,0.0
1,457,-0.9032919658078439,,4.294283697953423,0.0
1,458,-0.9032919658078439,,4.294283697953423,0.0
1,459,-0.9147894578670018,,4.317807574688309,0.0
1,460,-0.9210554815485718,,4.353093389790637,0.0
1,461,-0.915968064978027,,4.353093389790637,0.0
1,462,-0.9103666987577015,,4.341331451423194,0.0
1,463,-0.9214215241150968,,4.364855328158081,0.0
1,464,-0.9267237470839281,,4.376617266525524,0.0
1,465,-0.9321886057853982,,4.4001411432604085,0.0
1,466,-0.9325036336916296,,4.411903081627852,0.0
1,467,-0.9325036336916296,,4.411903081627852,0.0
1,468,-0.9374488581697391,,4.423665019995295,0.0
1,469,-0.9425033496628001,,4.447188896730181,0.0
1,470,-0.9427709331282392,,4.458950835097625,0.0
1,471,-0.9427709331282392,,4.458950835097625,0.0
1,472,-0.9380285495360687,,4.447188896730181,0.0
1,473,-0.9473509708529415,,4.470712773465067,0.0
1,474,-0.9519906577345406,,4.494236650199952,0.0
1,475,-0.9522144509856852,,4.505998588567396,0.0
1,476,-0.9433005447429624,,4.48247471183251,0.0
1,477,-0.9522144509856852,,4.505998588567396,0.0
1,478,-0.9564213919415288,,4.517760526934839,0.0
1,479,-0.9566246848690675,,4.529522465302282,0.0
1,480,-0.9566246848690675,,4.529522465302282,0.0
1,481,-0.9566246848690675,,4.529522465302282,0.0
1,482,-0.9606422009709139,,4.541284403669725,0.0
1,483,-0.9646521583962349,,4.56480828040461,0.0
1,484,-0.9648172854827659,,4.576570218772053,0.0
1,485,-0.9684503840709046,,4.588332157139496,0.0
1,486,-0.972036044321391,,4.611856033874383,0.0
1,487,-0.9721668406873303,,4.623617972241825,0.0
1,488,-0.9721668406873303,,4.623617972241825,0.0
1,489,-0.9754083521302025,,4.6353799106092675,0.0
1,490,-0.9722967229663844,,4.635379910609268,0.0
1,491,-0.9785665673086301,,4.658903787344154,0.0
1,492,-0.9786669285323374,,4.670665725711597,0.0
1,493,-0.9786669285323374,,4.670665725711597,0.0
1,494,-0.9786669285323374,,4.670665725711597,0.0
1,495,-0.9815099966592108,,4.68242766407904,0.0
1,496,-0.9842379941278783,,4.705951540813926,0.0
1,497,-0.9843118693214356,,4.717713479181368,0.0
1,498,-0.9843118693214356,,4.717713479181368,0.0
1,499,-0.9867499609457661,,4.729475417548811,0.0
1,500,-0.9890453457606301,,4.752999294283698,0.0
1,501,-0.9890967305751919,,4.764761232651141,0.0
1,502,-0.9890967305751919,,4.764761232651141,0.0
1,503,-0.9890967305751919,,4.764761232651141,0.0
1,504,-0.9911236447578665,,4.776523171018584,0.0
1,505,-0.9911652953677218,,4.788285109386027,0.0
1,506,-0.9929844017710929,,4.800047047753469,0.0
1,507,-0.9930173313410321,,4.811808986120912,0.0
1,508,-0.9930173313410321,,4.811808986120912,0.0
1,509,-0.9946272083822738,,4.823570924488355,0.0
1,510,-0.9960517040113627,,4.847094801223242,0.0
1,511,-0.9960702458465055,,4.858856739590685,0.0
1,512,-0.9972575759954471,,4.870618677958127,0.0
1,513,-0.9960886574028387,,4.870618677958127,0.0
1,514,-0.9972704574425114,,4.88238061632557,0.0
1,515,-0.998244559657375,,4.894142554693013,0.0
1,516,-0.9990124383638481,,4.917666431427899,0.0
1,517,-0.9990170783941847,,4.9294283697953425,0.0
1,518,-0.9990170783941847,,4.9294283697953425,0.0
1,519,-0.9990170783941847,,4.9294283697953425,0.0
1,520,-0.9995610435729714,,4.941190308162786,0.0
1,521,-0.9995631061850677,,4.952952246530228,0.0
1,522,-0.9998902548712462,,4.96471418489767,0.0
1,523,-0.999890770580734,,4.976476123265114,0.0
1,524,-0.999890770580734,,4.976476123265114,0.0
1,525,-0.9874100633725218,,4.858856739590684,0.0
1,526,-0.9914882016907979,,4.8823806163255705,0.0
1,527,-0.9932414835155887,,4.894142554693013,0.0
1,528,-0.9932414835155887,,4.894142554693013,0.0
1,529,-0.9932414835155887,,4.894142554693013,0.0
1,530,-0.9946272083822738,,4.823570924488355,0.0
1,531,-0.9946524339014954,,4.8353328628557986,0.0
1,532,-0.9960517040113627,,4.847094801223242,0.0
1,533,-0.9972575759954471,,4.870618677958127,0.0
1,534,-0.9972704574425114,,4.88238061632557,0.0
1,535,-0.9972704574425114,,4.88238061632557,0.0
1,536,-0.964767868814516,,1.2702893436838392,0.0
1,537,-0.9972704574425114,,4.88238061632557,0.0
1,538,-0.9990077654016645,,4.905904493060456,0.0
1,539,-0.9990170783941847,,4.9294283697953425,0.0
1,540,-0.9990170783941847,,4.9294283697953425,0.0
1,541,-0.9998897355008789,,4.952952246530228,0.0
1,542,-0.9995651542935866,,4.964714184897671,0.0
1,543,-0.999890770580734,,4.976476123265114,0.0
1,544,-0.9995651542935866,,4.964714184897671,0.0
1,545,-0.9979313490402596,,3.3756763114561283,0.0
1,546,-0.9979313490402596,,3.3756763114561283,0.0
1,547,-0.9979313490402596,,3.3756763114561283,0.0
1,548,-0.9979313490402596,,3.3756763114561283,0.0
1,549,-0.9979313490402596,,3.3756763114561283,0.0
1,550,-0.9979313490402596,,3.3756763114561283,0.0
1,551,-0.8463729571772923,,4.106092684074335,0.0
1,552,-0.9933858944948051,,3.3756763114561283,0.05
1,553,-0.9933858944948051,,3.3756763114561283,0.0
1,554,-0.9933858944948051,,3.3756763114561283,0.0
1,555,-0.9933858944948051,,3.3756763114561283,0.0
1,556,-0.9933858944948051,,3.3756763114561283,0.0
1,557,-0.9933858944948051,,3.3756763114561283,0.0
1,558,-0.9933858944948051,,3.3756763114561283,0.0
1,559,-0.9933858944948051,,3.3756763114561283,0.0
1,560,-0.9933858944948051,,3.3756763114561283,0.0
1,561,-0.9933858944948051,,3.3756763114561283,0.0
1,562,-0.9933858944948051,,3.3756763114561283,0.0
1,563,-0.9979313490402596,,3.3756763114561283,0.0
1,564,-0.9979313490402596,,3.3756763114561283,0.0
1,565,-0.9979313490402596,,3.3756763114561283,0.0
1,566,-0.9979313490402596,,3.3756763114561283,0.0
1,567,-0.9979313490402596,,3.3756763114561283,0.0
1,568,-0.9979313490402596,,3.3756763114561283,0.0
1,569,-0.9979313490402596,,3.3756763114561283,0.0
1,570,-0.9979313490402596,,3.3756763114561283,0.0
1,571,-0.809102853299705,,4.04728299223712,0.0
1,572,-0.9933858944948051,,3.3756763114561283,0.05
1,573,-0.9933858944948051,,3.3756763114561283,0.0
1,574,-0.9933858944948051,,3.3756763114561283,0.0
1,575,-0.9933858944948051,,3.3756763114561283,0.0
1,576,-0.9933858944948051,,3.3756763114561283,0.0
1,577,-0.9933858944948051,,3.3756763114561283,0.0
1,578,-0.9933858944948051,,3.3756763114561283,0.0
1,579,-0.9933858944948051,,3.3756763114561283,0.0
1,580,-0.9933858944948051,,3.3756763114561283,0.0
1,581,-0.9933858944948051,,3.3756763114561283,0.0
1,582,-0.9933858944948051,,3.3756763114561283,0.0
1,583,-0.9979313490402596,,3.3756763114561283,0.0
1,584,-0.9979313490402596,,3.3756763114561283,0.0
1,585,-0.9979313490402596,,3.3756763114561283,0.0
1,586,-0.9979313490402596,,3.3756763114561283,0.0
1,587,-0.9979313490402596,,3.3756763114561283,0.0
1,588,-0.9979313490402596,,3.3756763114561283,0.0
1,589,-0.9979313490402596,,3.3756763114561283,0.0
1,590,-0.9979313490402596,,3.3756763114561283,0.0
1,591,-0.9979313490402596,,3.3756763114561283,0.0
1,592,-3.0,,4.88238061632557,0.0
1,593,-0.9933858944948051,,3.3756763114561283,0.05
1,594,-0.9933858944948051,,3.3756763114561283,0.0
1,595,-0.9933858944948051,,3.3756763114561283,0.0
1,596,-0.9933858944948051,,3.3756763114561283,0.0
1,597,-0.9933858944948051,,3.3756763114561283,0.0
1,598,-0.37764679120246386,,3.800282286520818,0.0
1,599,-0.9777356134506172,,1.2938132204187252,0.05
1,600,-0.9777356134506172,,1.2938132204187252,0.0
1,601,-0.9777356134506172,,1.2938132204187252,0.0
1,602,-0.9777356134506172,,1.2938132204187252,0.0
1,603,-0.9777356134506172,,1.2938132204187252,0.0
1,604,-0.9822810679960717,,1.2938132204187252,0.0
1,605,-0.9822810679960717,,1.2938132204187252,0.0
1,606,-0.9822810679960717,,1.2938132204187252,0.0
1,607,-0.9822810679960717,,1.2938132204187252,0.0
1,608,-0.9822810679960717,,1.2938132204187252,0.0
1,609,-0.9822810679960717,,1.2938132204187252,0.0
1,610,-0.9868265225415263,,1.2938132204187252,0.0
1,611,-0.9868265225415263,,1.2938132204187252,0.0
1,612,-0.9868265225415263,,1.2938132204187252,0.0
1,613,-0.9868265225415263,,1.2938132204187252,0.0
1,614,-0.9868265225415263,,1.2938132204187252,0.0
1,615,-0.9868265225415263,,1.2938132204187252,0.0
1,616,-0.9868265225415263,,1.2938132204187252,0.0
1,617,-0.9868265225415263,,1.2938132204187252,0.0
1,618,-0.9868265225415263,,1.2938132204187252,0.0
1,619,-3.0,,1.2938132204187252,0.0
1,620,-3.0,,1.2938132204187252,0.0
1,621,-3.0,,1.2938132204187252,0.0
1,622,-3.0,,1.2938132204187252,0.0
1,623,-3.0,,1.2938132204187252,0.0
1,624,-3.0,,1.2938132204187252,0.0
1,625,-3.0,,1.2938132204187252,0.0
1,626,-3.0,,1.2938132204187252,0.0
1,627,-3.0,,1.2938132204187252,0.0
1,628,-3.0,,1.2938132204187252,0.0
1,629,-3.0,,1.2938132204187252,0.0
1,630,-3.0,,1.2938132204187252,0.0
1,631,-3.0,,1.2938132204187252,0.0
1,632,-3.0,,1.2938132204187252,0.0
1,633,-3.0,,1.2938132204187252,0.0
1,634,-3.0,,1.2938132204187252,0.0
1,635,-3.0,,1.2938132204187252,0.0
1,636,-3.0,,1.2938132204187252,0.0
1,637,-3.0,,1.2938132204187252,0.0
1,638,-3.0,,1.2938132204187252,0.0
1,639,-3.0,,1.2938132204187252,0.0
1,640,-3.0,,1.2938132204187252,0.0
1,641,-3.0,,1.2938132204187252,0.0
1,642,-3.0,,1.2938132204187252,0.0
1,643,-3.0,,1.2938132204187252,0.0
1,644,-3.0,,1.2938132204187252,0.0
1,645,-3.0,,1.2938132204187252,0.0
1,646,-3.0,,1.2938132204187252,0.0
1,647,-3.0,,1.2938132204187252,0.0
1,648,-3.0,,1.2938132204187252,0.0
2,summary,-0.2615283175757366,-169.47034978907686,2.5102336124252536,0.011012654082837983
2,1,0.9836199069471435,,0.2822865208186309,-0.05
2,2,0.990873343953795,,0.1999529522465302,0.0
2,3,0.9949778150885041,,0.14114326040931546,0.0
2,4,0.9880878960910771,,0.21171489061397342,0.0
2,5,0.9860546784467248,,0.22347682898141596,0.0
2,6,0.9895865165556373,,0.18819101387908743,0.0
2,7,0.983171103594755,,0.23523876734885896,0.0
2,8,0.8306485113182228,,0.5880969183721478,0.0
2,9,0.9804386479613266,,0.24700070571630217,0.0
2,10,0.9778812853502591,,0.25876264408374516,0.0
2,11,0.9750822700209487,,0.27052458245118793,0.0
2,12,0.9946649801132426,,0.1176193836744297,0.0
2,13,0.9734718376564384,,0.27052458245118793,0.0
2,14,0.9674535934862324,,0.2940484591860739,0.0
2,15,0.9720685447352208,,0.27052458245118816,0.0
2,16,0.9631625667976581,,0.3058103975535169,0.0
2,17,0.9652380187177125,,0.2940484591860739,0.0
2,18,-0.9988499839772803,,1.5172900494001411,0.0
2,19,0.9600498543859286,,0.3058103975535169,0.0
2,20,0.9554168586024894,,0.3175723359209597,0.0
2,21,-0.9800464192046954,,1.7290049400141145,0.0
2,22,0.9721724257579906,,0.24700070571630217,0.0
2,23,-0.13841704902358742,,3.482709950599858,0.0
2,24,0.9812009125857728,,0.19995295224653042,0.05
2,25,0.9851389890168738,,0.17642907551164444,0.0
2,26,0.991880524900327,,0.12938132204187247,0.0
2,27,0.9933373179239499,,0.11761938367442948,0.0
2,28,0.9967573081342099,,0.08233356857210072,0.0
2,29,0.9947191143073184,,0.10585744530698649,0.0
2,30,0.9959162014075551,,0.09409550693954372,0.0
2,31,0.9969392241983958,,0.08233356857210072,0.0
2,32,0.9984815164333162,,0.05880969183721474,0.0
2,33,0.9951511394922506,,0.10585744530698649,0.0
2,34,0.9961946980917455,,0.0940955069395435,0.0
2,35,0.9784500077565943,,0.22347682898141596,0.0
2,36,0.9908091203072598,,0.15290519877675846,0.0
2,37,0.9865386046236595,,0.1881910138790872,0.0
2,38,0.9886879037290384,,0.17642907551164444,0.0
2,39,0.9860179269804392,,0.1999529522465302,0.0
2,40,0.9831814291222232,,0.2234768289814164,0.0
2,41,-0.15848451047543063,,1.4702422959303694,0.0
2,42,0.9829730996839018,,0.23523876734885918,0.0
2,43,0.9786438643361757,,0.2705245824511877,0.0
2,44,0.9779036635108891,,0.28228652081863115,0.0
2,45,0.9779036635108891,,0.28228652081863115,0.0
2,46,0.9781476007338056,,0.2940484591860737,0.0
2,47,0.980983248947714,,0.2822865208186309,0.0
2,48,0.9772614123483485,,0.3175723359209597,0.0
2,49,0.9750504509237045,,0.34109621265584567,0.0
2,50,0.9749279121818235,,0.3528581510232889,0.0
2,51,0.9758526715383629,,0.35285815102328844,0.05
2,52,0.9750425722974678,,0.36462008939073165,0.1
2,53,0.9769384927771818,,0.35285815102328844,0.15000000000000002
2,54,0.9785425840885581,,0.34109621265584567,0.2
2,55,0.9828184036767557,,0.3058103975535169,0.25
2,56,0.9906859460363306,,0.2234768289814162,0.3
2,57,0.9925412835240823,,0.19995295224653065,0.0
2,58,0.9973812101723187,,0.11761938367442948,0.0
2,59,0.9990482215818578,,0.07057163020465751,0.0
2,60,0.9997586872842681,,0.035285815102328755,0.0
2,61,0.9999729347501483,,0.01176193836744277,0.0
2,62,0.9999726794201788,,0.011761938367443214,0.0
2,63,0.9993105875595288,,0.05880969183721474,0.0
2,64,-0.8648697997329099,,2.2230063514467187,0.0
2,65,0.9982270501564283,,0.09409550693954394,0.05
2,66,0.9977668786231532,,0.10585744530698671,0.0
2,67,0.9972302264539683,,0.11761938367442948,0.0
2,68,0.9953863529803466,,0.15290519877675823,0.0
2,69,0.9960123366027184,,0.14114326040931546,0.0
2,70,0.12701781974687854,,0.799811808986121,0.0
2,71,0.9953426559499506,,0.15290519877675868,0.0
2,72,0.9929810960135169,,0.18819101387908743,0.0
2,73,0.9930467702051627,,0.18819101387908743,0.0
2,74,0.9939164695633067,,0.17642907551164422,0.0
2,75,0.9921882991937059,,0.1999529522465302,0.0
2,76,0.9921882991937059,,0.1999529522465302,0.0
2,77,0.9892437200326237,,0.23523876734885896,0.0
2,78,0.9880878960910773,,0.24700070571630173,0.0
2,79,0.9880878960910773,,0.24700070571630173,0.0
2,80,0.9880878960910773,,0.24700070571630173,0.0
2,81,0.9866180560388558,,0.25876264408374494,0.0
2,82,0.9868676314081904,,0.25876264408374494,0.0
2,83,0.9879757441251349,,0.24700070571630217,0.0
2,84,0.9843779142227256,,0.2822865208186309,0.0
2,85,0.9843779142227256,,0.2822865208186309,0.0
2,86,0.9855821271339125,,0.2705245824511877,0.0
2,87,0.9842305779475968,,0.2822865208186309,0.0
2,88,0.9829730996839018,,0.29404845918607414,0.0
2,89,0.9801492320084547,,0.3175723359209597,0.0
2,90,0.9801492320084547,,0.3175723359209597,0.0
2,91,0.9787566528793804,,0.3293342742884029,0.0
2,92,0.9591052296873889,,0.4469536579628324,0.0
2,93,0.9771111412967581,,0.3410962126558461,0.0
2,94,0.9756263315525068,,0.3528581510232889,0.0
2,95,0.9799617050365866,,0.3175723359209601,0.0
2,96,0.9756263315525068,,0.3528581510232889,0.0
2,97,0.9722837756298113,,0.3763820277581744,0.0
2,98,0.9722837756298113,,0.3763820277581744,0.0
2,99,0.9722837756298113,,0.3763820277581744,0.0
2,100,0.9598752415428891,,0.44695365796283193,0.0
2,101,0.9758526715383629,,0.35285815102328844,0.0
2,102,0.9736128110648405,,0.36462008939073165,0.0
2,103,0.9720229140804107,,0.3763820277581744,0.0
2,104,0.9670277247913205,,0.4116678428605032,0.0
2,105,0.9701157849175225,,0.38814396612561763,0.0
2,106,0.9628305274850955,,0.43519171959538916,0.0
2,107,0.9649649145228099,,0.4234297812279464,0.0
2,108,0.9458172417006347,,0.5175252881674899,0.0
2,109,0.9628305274850955,,0.43519171959538916,0.0
2,110,0.9609902014598717,,0.4469536579628324,0.0
2,111,0.9698326146086443,,0.38814396612561763,0.0
2,112,0.9568064376975011,,0.47047753469771836,0.0
2,113,0.95442435615664,,0.48223947306516113,0.0
2,114,0.9568064376975011,,0.47047753469771836,0.0
2,115,0.9519681922222194,,0.4940014114326039,0.0
2,116,0.9524145333581313,,0.4940014114326039,0.0
2,117,0.9639628606958531,,0.4234297812279464,0.0
2,118,0.9503721354193505,,0.5057633498000471,0.0
2,119,0.9451838281608194,,0.5292872265349331,0.0
2,120,0.9213368007532984,,0.6233827334744766,0.0
2,121,0.9345088225009627,,0.5763349800047046,0.0
2,122,0.9374196611341208,,0.5645730416372619,0.0
2,123,0.9430101696214336,,0.5410491649023759,0.0
2,124,0.9408059795329069,,0.5528111032698191,0.0
2,125,0.935117021556511,,0.5763349800047051,0.0
2,126,0.9379997560189675,,0.5645730416372619,0.0
2,127,0.9260017951717333,,0.6116207951070338,0.0
2,128,0.9228050418046164,,0.6233827334744766,0.0
2,129,0.9357168190404938,,0.5763349800047046,0.0
2,130,0.9297764858882515,,0.5998588567395906,0.0
2,131,0.9273679148545245,,0.6116207951070338,0.0
2,132,0.9297764858882515,,0.5998588567395906,0.0
2,133,0.9273679148545245,,0.6116207951070338,0.0
2,134,0.9273679148545245,,0.6116207951070338,0.0
2,135,0.9217488001088784,,0.6351446718419198,0.0
2,136,0.9210187373400709,,0.6351446718419198,0.0
2,137,0.928036891005094,,0.6116207951070338,0.0
2,138,0.918486985745923,,0.6469066102093626,0.0
2,139,0.918486985745923,,0.6469066102093626,0.0
2,140,0.9055215358815089,,0.6939543636791341,0.0
2,141,0.9159291711112958,,0.6586685485768053,0.0
2,142,0.9063945453438433,,0.6939543636791345,0.0
2,143,0.9099102938450416,,0.6821924253116913,0.0
2,144,0.9063945453438433,,0.6939543636791345,0.0
2,145,0.9169525906232119,,0.6469066102093626,0.0
2,146,0.903693477637204,,0.7057163020465773,0.0
2,147,0.9072555766358343,,0.6939543636791341,0.0
2,148,0.9000504988739985,,0.7174782404140201,0.0
2,149,0.903693477637204,,0.7057163020465773,0.0
2,150,0.8935097358794142,,0.7410021171489065,0.0
2,151,0.901889703863891,,0.7057163020465773,0.0
2,152,0.8935097358794142,,0.7410021171489065,0.0
2,153,0.8954511193434024,,0.7410021171489061,0.0
2,154,0.8878116230451614,,0.764525993883792,0.0
2,155,0.8878116230451614,,0.764525993883792,0.0
2,156,0.8798438212381547,,0.7880498706186776,0.0
2,157,0.8798438212381547,,0.7880498706186776,0.0
2,158,0.8798438212381547,,0.7880498706186776,0.0
2,159,0.8768745107535542,,0.7998118089861208,0.0
2,160,0.8738855072257429,,0.8115737473535636,0.0
2,161,0.8565929959218757,,0.8586215008233355,0.0
2,162,0.8798438212381547,,0.7880498706186776,0.0
2,163,0.8757349421956367,,0.7998118089861208,0.0
2,164,0.8654087481468257,,0.8350976240884496,0.0
2,165,0.8654087481468257,,0.8350976240884496,0.0
2,166,0.8654087481468257,,0.8350976240884496,0.0
2,167,0.8654087481468257,,0.8350976240884496,0.0
2,168,0.850217135729614,,0.8821453775582215,0.0
2,169,0.8579066946908384,,0.858621500823336,0.0
2,170,0.8547524236003674,,0.8703834391907788,0.0
2,171,0.8547524236003674,,0.8703834391907788,0.0
2,172,0.8470043346037696,,0.8939073159256647,0.0
2,173,0.8470043346037696,,0.8939073159256647,0.0
2,174,0.8327568038797367,,0.9291931310279935,0.0
2,175,0.8470043346037696,,0.8939073159256647,0.0
2,176,0.8423417519058692,,0.905669254293108,0.0
2,177,0.8390719910244483,,0.9174311926605507,0.0
2,178,0.8390719910244483,,0.9174311926605507,0.0
2,179,0.8309571184387639,,0.9409550693954363,0.0
2,180,0.8309571184387639,,0.9409550693954363,0.0
2,181,0.8260404349364306,,0.952717007762879,0.0
2,182,0.8357871640105645,,0.9291931310279935,0.0
2,183,0.8226614821298442,,0.9644789461303223,0.0
2,184,0.8394148887307286,,0.9056692542931075,0.0
2,185,0.8192692496323156,,0.976240884497765,0.0
2,186,0.8141868867035739,,0.9880028228652082,0.0
2,187,0.8141868867035739,,0.9880028228652082,0.0
2,188,0.8141868867035739,,0.9880028228652082,0.0
2,189,0.8141868867035739,,0.9880028228652082,0.0
2,190,0.8141868867035739,,0.9880028228652082,0.0
2,191,0.8090169943749473,,0.999764761232651,0.0
2,192,0.8055351756960262,,1.0115266996000942,0.0
2,193,0.8002391040248508,,1.0232886379675372,0.0
2,194,0.7967082311724226,,1.03505057633498,0.0
2,195,0.7801749422932869,,1.070336391437309,0.0
2,196,0.7967082311724226,,1.03505057633498,0.0
2,197,0.785775427772141,,1.058574453069866,0.0
2,198,0.791286312093453,,1.046812514702423,0.0
2,199,0.7841198065767103,,1.070336391437309,0.0
2,200,0.7728638882338742,,1.093860268172195,0.0
2,201,0.7728638882338742,,1.093860268172195,0.0
2,202,0.7785363600188893,,1.082098329804752,0.0
2,203,0.7728638882338742,,1.093860268172195,0.0
2,204,0.7728638882338742,,1.093860268172195,0.0
2,205,0.7874489127882494,,1.046812514702423,0.0
2,206,0.7655187183502341,,1.117384144907081,0.0
2,207,0.759687084583285,,1.129146083274524,0.0
2,208,0.759687084583285,,1.129146083274524,0.0
2,209,0.759687084583285,,1.129146083274524,0.0
2,210,0.7537658276578242,,1.1409080216419667,0.0
2,211,0.763398282741103,,1.1173841449070807,0.0
2,212,0.7559685341825007,,1.1409080216419667,0.0
2,213,0.7462546684117777,,1.1644318983768527,0.0
2,214,0.740176805615208,,1.1761938367442957,0.0
2,215,0.740176805615208,,1.1761938367442957,0.0
2,216,0.7340088258677515,,1.1879557751117387,0.0
2,217,0.7238885972839258,,1.2114796518466244,0.0
2,218,0.7301790727058342,,1.1997177134791814,0.0
2,219,0.739304567306588,,1.1644318983768525,0.0
2,220,0.7238885972839258,,1.2114796518466244,0.0
2,221,0.7238885972839258,,1.2114796518466244,0.0
2,222,0.7238885972839258,,1.2114796518466244,0.0
2,223,0.7136101544117522,,1.2350035285815102,0.0
2,224,0.7136101544117522,,1.2350035285815102,0.0
2,225,0.7161521883143931,,1.2350035285815104,0.0
2,226,0.7031757437246946,,1.2585274053163964,0.0
2,227,0.6898346483367868,,1.2820512820512822,0.0
2,228,0.699241701004314,,1.2702893436838392,0.0
2,229,0.699241701004314,,1.2702893436838392,0.0
2,230,0.699241701004314,,1.2702893436838392,0.0
2,231,0.6858423186514102,,1.293813220418725,0.0
2,232,0.7044698490387338,,1.2467654669489532,0.0
2,233,0.6818481747442551,,1.3055751587861681,0.0
2,234,0.649731046672945,,1.3643848506233829,0.0
2,235,0.6778524929852513,,1.317337097153611,0.0
2,236,0.6778524929852513,,1.317337097153611,0.0
2,237,0.6738555441818782,,1.3290990355210537,0.0
2,238,0.6639754623021221,,1.340860973888497,0.0
2,239,0.6669355308366508,,1.3408609738884967,0.0
2,240,0.6558734856903403,,1.3643848506233829,0.0
2,241,0.6487451577207017,,1.3761467889908259,0.0
2,242,0.6518225661473043,,1.3761467889908257,0.0
2,243,0.6558734856903403,,1.3643848506233829,0.0
2,244,0.6558734856903403,,1.3643848506233829,0.0
2,245,0.6446687639478326,,1.3879087273582686,0.0
2,246,0.6374239897486897,,1.3996706657257116,0.0
2,247,0.6658589014293161,,1.3526229122559397,0.0
2,248,0.6342138578028612,,1.3996706657257116,0.0
2,249,0.6292250906105766,,1.4231945424605976,0.0
2,250,0.6333238030480471,,1.4114326040931549,0.0
2,251,0.6333238030480471,,1.4114326040931549,0.0
2,252,0.6259635053358716,,1.4231945424605976,0.0
2,253,0.6143662093046638,,1.4467184191954834,0.0
2,254,0.6143662093046638,,1.4467184191954834,0.0
2,255,0.6437220955694875,,1.3996706657257116,0.0
2,256,0.6468113981634046,,1.3996706657257119,0.0
2,257,0.6026346363792563,,1.4702422959303696,0.0
2,258,0.5984723141740573,,1.4820042342978124,0.0
2,259,0.5984723141740573,,1.4820042342978124,0.0
2,260,0.5984723141740573,,1.4820042342978124,0.0
2,261,0.5984723141740573,,1.4820042342978124,0.0
2,262,0.5943133835480535,,1.4937661726652551,0.0
2,263,0.5865913730857585,,1.5055281110326981,0.0
2,264,0.5787789449210938,,1.5172900494001411,0.0
2,265,0.5745828268078969,,1.5290519877675843,0.0
2,266,0.5745828268078969,,1.5290519877675843,0.0
2,267,0.5666600403276946,,1.5408139261350273,0.0
2,268,0.5703913109441712,,1.540813926135027,0.0
2,269,0.5544172855792422,,1.5643378028699129,0.0
2,270,0.5624492876407806,,1.55257586450247,0.0
2,271,0.5544172855792422,,1.5643378028699129,0.0
2,272,0.5544172855792422,,1.5643378028699129,0.0
2,273,0.5756170656856737,,1.5055281110326981,0.0
2,274,0.5501933950752657,,1.576099741237356,0.0
2,275,0.5501933950752657,,1.576099741237356,0.0
2,276,0.5501933950752657,,1.576099741237356,0.0
2,277,0.5378178152185702,,1.5996236179722418,0.0
2,278,0.5295709552880988,,1.6113855563396848,0.0
2,279,0.5295709552880988,,1.6113855563396848,0.0
2,280,0.5295709552880988,,1.6113855563396848,0.0
2,281,0.5295709552880988,,1.6113855563396848,0.0
2,282,0.5253252402142989,,1.6231474947071276,0.0
2,283,0.5169728102004258,,1.6349094330745706,0.0
2,284,0.5127183876568023,,1.6466713714420138,0.0
2,285,0.5085311186492203,,1.6466713714420136,0.0
2,286,0.5085311186492203,,1.6466713714420136,0.0
2,287,0.5085311186492203,,1.6466713714420136,0.0
2,288,0.5042616746808434,,1.6584333098094568,0.0
2,289,0.48708148943712487,,1.6819571865443426,0.0
2,290,0.49144032689614264,,1.6819571865443426,0.0
2,291,0.49571608878004914,,1.6701952481768998,0.0
2,292,0.48279220273074475,,1.6937191249117853,0.0
2,293,0.45631605756615784,,1.7290049400141143,0.0
2,294,0.48708148943712487,,1.6819571865443426,0.0
2,295,0.4697622985065678,,1.7172430016466715,0.0
2,296,0.4697622985065678,,1.7172430016466715,0.0
2,297,0.47405551248873756,,1.7054810632792283,0.0
2,298,0.47405551248873756,,1.7054810632792283,0.0
2,299,0.46523015781891436,,1.7172430016466713,0.0
2,300,0.46092494311882803,,1.7290049400141145,0.0
2,301,0.46092494311882803,,1.7290049400141145,0.0
2,302,0.45631605756615784,,1.7290049400141143,0.0
2,303,0.4519994310964698,,1.7407668783815575,0.0
2,304,0.4519994310964698,,1.7407668783815575,0.0
2,305,0.43866850507115956,,1.7642907551164433,0.0
2,306,0.44298570835460516,,1.7525288167490005,0.0
2,307,0.4203572283095657,,1.787814631851329,0.0
2,308,0.4469280750858853,,1.7290049400141143,0.0
2,309,0.43388373911755806,,1.7642907551164435,0.0
2,310,0.4295566909445089,,1.7760526934838863,0.0
2,311,0.42524033494469854,,1.7878146318513295,0.0
2,312,0.4160319964412938,,1.7995765702187723,0.0
2,313,0.4203572283095657,,1.787814631851329,0.0
2,314,0.41107012894120465,,1.799576570218772,0.0
2,315,0.4154150130018863,,1.7878146318513293,0.0
2,316,0.9238795325112867,,0.44695365796283215,0.0
2,317,0.40673664307580026,,1.8113385085862153,0.0
2,318,0.40673664307580026,,1.8113385085862153,0.0
2,319,0.39735431575476227,,1.8231004469536582,0.0
2,320,0.39735431575476227,,1.8231004469536582,0.0
2,321,0.4300652022765202,,1.7878146318513293,0.0
2,322,0.3878850760127847,,1.8348623853211012,0.0
2,323,0.3878850760127847,,1.8348623853211012,0.0
2,324,0.35736733286714795,,1.9183721477299456,0.0
2,325,0.35736733286714795,,1.9183721477299456,0.0
2,326,0.3792254626529284,,1.8583862620559868,0.0
2,327,0.34478504545962624,,1.8936720771583158,0.0
2,328,0.3499774114354656,,1.9536579628322746,0.0
2,329,0.3211637428998891,,1.9889437779346035,0.0
2,330,0.3211637428998891,,1.9889437779346035,0.0
2,331,0.3211637428998891,,1.9889437779346035,0.0
2,332,0.3211637428998891,,1.9889437779346035,0.0
2,333,0.3296063379509723,,1.9654199011997175,0.0
2,334,0.3502661863739793,,1.8936720771583155,0.0
2,335,0.31561631210895424,,1.988943777934603,0.0
2,336,0.3057744549123282,,2.000705716302046,0.0
2,337,0.30155733709397003,,2.0124676546694893,0.0
2,338,0.30155733709397003,,2.0124676546694893,0.0
2,339,0.30155733709397003,,2.0124676546694893,0.0
2,340,0.29163567040749117,,2.0242295930369325,0.0
2,341,0.2874324842133743,,2.035991531404375,0.0
2,342,0.2874324842133743,,2.035991531404375,0.0
2,343,0.2774328747142585,,2.047753469771818,0.0
2,344,0.27324483916612,,2.0595154081392613,0.0
2,345,0.27324483916612,,2.0595154081392613,0.0
2,346,0.2631691852079132,,2.0712773465067045,0.0
2,347,0.25899750136866767,,2.083039284874147,0.0
2,348,0.25899750136866767,,2.083039284874147,0.0
2,349,0.25899750136866767,,2.083039284874147,0.0
2,350,0.24884773262933904,,2.09480122324159,0.0
2,351,0.244693583277883,,2.106563161609033,0.0
2,352,0.2344716603978503,,2.1183250999764756,0.0
2,353,0.23033620971109933,,2.1300870383439188,0.0
2,354,0.23033620971109933,,2.1300870383439188,0.0
2,355,0.23033620971109933,,2.1300870383439188,0.0
2,356,0.23033620971109933,,2.1300870383439188,0.0
2,357,0.22004412392124129,,2.141848976711362,0.0
2,358,0.21592851716347028,,2.1536109150788043,0.0
2,359,0.21592851716347028,,2.1536109150788043,0.0
2,360,0.20556828990321108,,2.1653728534462475,0.0
2,361,0.20147365312277551,,2.1771347918136907,0.0
2,362,0.20147365312277551,,2.1771347918136907,0.0
2,363,0.20147365312277551,,2.1771347918136907,0.0
2,364,0.19104733564829351,,2.188896730181134,0.0
2,365,0.18697477538182494,,2.2006586685485763,0.0
2,366,0.17648444836447924,,2.2124206069160195,0.0
2,367,0.1724350513486094,,2.2241825452834623,0.0
2,368,0.1724350513486094,,2.2241825452834623,0.0
2,369,0.1724350513486094,,2.2241825452834623,0.0
2,370,0.1724350513486094,,2.2241825452834623,0.0
2,371,0.16188282446364716,,2.235944483650905,0.0
2,372,0.14724566885998702,,2.2594683603857915,0.0
2,373,0.14324577795962004,,2.271230298753234,0.0
2,374,0.14324577795962004,,2.271230298753234,0.0
2,375,0.14324577795962004,,2.271230298753234,0.0
2,376,0.14324577795962004,,2.271230298753234,0.0
2,377,0.13257619426655237,,2.282992237120677,0.0
2,378,0.11787762049009835,,2.3065161138555634,0.0
2,379,0.09231185057014349,,2.341801928957892,0.0
2,380,0.10608894028126828,,2.341801928957892,0.0
2,381,0.10608894028126828,,2.341801928957892,0.0
2,382,0.10608894028126828,,2.341801928957892,0.0
2,383,0.10608894028126828,,2.341801928957892,0.0
2,384,0.09533405151984829,,2.353563867325335,0.0
2,385,0.09923518179721809,,2.341801928957892,0.0
2,386,0.1207051863564891,,2.318278052223006,0.0
2,387,0.08840608584197572,,2.3535638673253354,0.0
2,388,0.08451734661006084,,2.3653258056927777,0.0
2,389,0.08451734661006084,,2.3653258056927777,0.0
2,390,0.08451734661006084,,2.3653258056927777,0.0
2,391,0.07363959368503618,,2.377087744060221,0.0
2,392,0.06978104786152713,,2.3888496824276637,0.0
2,393,0.06978104786152713,,2.3888496824276637,0.0
2,394,0.05885693835471597,,2.4006116207951065,0.0
2,395,0.055029504826325584,,2.4123735591625497,0.0
2,396,0.044061364499839724,,2.424135497529993,0.0
2,397,0.04026594010941557,,2.4358974358974352,0.0
2,398,0.04026594010941557,,2.4358974358974352,0.0
2,399,0.0512192330868898,,2.4241354975299925,0.0
2,400,0.08373134483695537,,2.3888496824276637,0.0
2,401,0.029256119604723935,,2.4476593742648785,0.0
2,402,0.02549357894199595,,2.4594213126323217,0.0
2,403,0.02549357894199595,,2.4594213126323217,0.0
2,404,0.02549357894199595,,2.4594213126323217,0.0
2,405,0.014444453276381764,,2.471183250999765,0.0
2,406,-0.0003703834687291518,,2.4947071277346504,0.0
2,407,-0.00406462291625417,,2.506469066102093,0.0
2,408,-0.00406462291625417,,2.506469066102093,0.0
2,409,-0.00406462291625417,,2.506469066102093,0.0
2,410,-0.01518513891827714,,2.518231004469536,0.0
2,411,-0.018844006356638292,,2.529992942836979,0.0
2,412,-0.02999656137777411,,2.5417548812044224,0.0
2,413,-0.022485449551358203,,2.5417548812044224,0.0
2,414,-0.022485449551358203,,2.5417548812044224,0.0
2,415,-0.022485449551358203,,2.5417548812044224,0.0
2,416,-0.03361927315728001,,2.5535168195718647,0.0
2,417,-0.044801399884289266,,2.565278757939308,0.0
2,418,-0.048387195530555926,,2.577040696306751,0.0
2,419,-0.05959640492000778,,2.5888026346741944,0.0
2,420,-0.04081244811438889,,2.577040696306751,0.0
2,421,-0.051955541348314746,,2.588802634674194,0.0
2,422,-0.051955541348314746,,2.588802634674194,0.0
2,423,-0.07437832912546342,,2.61232651140908,0.0
2,424,-0.07788810457157556,,2.624088449776523,0.0
2,425,-0.06667524335757062,,2.61232651140908,0.0
2,426,-0.06667524335757062,,2.61232651140908,0.0
2,427,-0.08914392801230679,,2.6358503881439663,0.0
2,428,-0.08138044785711256,,2.635850388143966,0.0
2,429,-0.0926146465049941,,2.6476123265114087,0.0
2,430,-0.0926146465049941,,2.6476123265114087,0.0
2,431,-0.0926146465049941,,2.6476123265114087,0.0
2,432,-0.0926146465049941,,2.6476123265114087,0.0
2,433,-0.0926146465049941,,2.6476123265114087,0.0
2,434,-0.11520513985575252,,2.6711362032462946,0.0
2,435,-0.08831318425693957,,2.659374264878852,0.0
2,436,-0.12200382018423189,,2.6946600799811806,0.0
2,437,-0.13331038589352195,,2.706422018348624,0.0
2,438,-0.12537712201603374,,2.7064220183486234,0.0
2,439,-0.12537712201603374,,2.7064220183486234,0.0
2,440,-0.12537712201603374,,2.7064220183486234,0.0
2,441,-0.13666003160530288,,2.718183956716066,0.0
2,442,-0.14797832095177352,,2.7299458950835094,0.0
2,443,-0.15128638843459627,,2.7417078334509526,0.0
2,444,-0.15128638843459627,,2.7417078334509526,0.0
2,445,-0.15128638843459627,,2.7417078334509526,0.0
2,446,-0.16261377621025383,,2.753469771818396,0.0
2,447,-0.15457724720007282,,2.7534697718183954,0.0
2,448,-0.15457724720007282,,2.7534697718183954,0.0
2,449,-0.17721353932911924,,2.7769936485532813,0.0
2,450,-0.18043676451017918,,2.788755586920724,0.0
2,451,-0.18043676451017918,,2.788755586920724,0.0
2,452,-0.1917744058026035,,2.800517525288167,0.0
2,453,-0.20629317966237518,,2.8240414020230533,0.0
2,454,-0.19811746567946834,,2.8240414020230533,0.0
2,455,-0.19811746567946834,,2.8240414020230533,0.0
2,456,-0.17557503528343277,,2.800517525288167,0.0
2,457,-0.19811746567946834,,2.8240414020230533,0.0
2,458,-0.20942947717296054,,2.8358033403904956,0.0
2,459,-0.22076667417902027,,2.847565278757939,0.0
2,460,-0.21254891587303326,,2.847565278757939,0.0
2,461,-0.23519171256150112,,2.8710891554928253,0.0
2,462,-0.23823919294925938,,2.8828510938602676,0.0
2,463,-0.21565159761549488,,2.859327217125382,0.0
2,464,-0.23823919294925938,,2.8828510938602676,0.0
2,465,-0.23823919294925938,,2.8828510938602676,0.0
2,466,-0.24956512865442756,,2.894613032227711,0.0
2,467,-0.2638837676330016,,2.9181369089625973,0.0
2,468,-0.255553472763812,,2.918136908962597,0.0
2,469,-0.2668407382658103,,2.9298988473300396,0.0
2,470,-0.2668407382658103,,2.9298988473300396,0.0
2,471,-0.2668407382658103,,2.9298988473300396,0.0
2,472,-0.2668407382658103,,2.9298988473300396,0.0
2,473,-0.2781444866954649,,2.941660785697483,0.0
2,474,-0.28105562939914625,,2.9534227240649256,0.0
2,475,-0.29234415575291933,,2.9651846624323683,0.0
2,476,-0.29520912144612077,,2.9769466007998115,0.0
2,477,-0.23907016155777203,,2.918136908962597,0.0
2,478,-0.3064796581163471,,2.9887085391672548,0.0
2,479,-0.3092981224513003,,3.000470477534698,0.0
2,480,-0.3092981224513003,,3.000470477534698,0.0
2,481,-0.3092981224513003,,3.000470477534698,0.0
2,482,-0.32054789118069366,,3.0122324159021407,0.0
2,483,-0.2785059556631281,,2.9769466007998115,0.0
2,484,-0.3233195545478881,,3.023994354269583,0.0
2,485,-0.3233195545478881,,3.023994354269583,0.0
2,486,-0.3345457671058614,,3.035756292637026,0.0
2,487,-0.33727035463011523,,3.047518231004469,0.0
2,488,-0.33727035463011523,,3.047518231004469,0.0
2,489,-0.33727035463011523,,3.047518231004469,0.0
2,490,-0.3484702134944593,,3.0592801693719123,0.0
2,491,-0.3511474750223985,,3.0710421077393555,0.0
2,492,-0.3623181740661635,,3.0828040461067983,0.0
2,493,-0.36494788414513474,,3.0945659844742406,0.0
2,494,-0.36494788414513474,,3.0945659844742406,0.0
2,495,-0.36494788414513474,,3.0945659844742406,0.0
2,496,-0.3538093225310835,,3.082804046106798,0.0
2,497,-0.37608660932854204,,3.106327922841684,0.0
2,498,-0.37866856717697583,,3.118089861209127,0.0
2,499,-0.38977249724419405,,3.12985179957657,0.0
2,500,-0.392306526713443,,3.141613737944013,0.0
2,501,-0.392306526713443,,3.141613737944013,0.0
2,502,-0.392306526713443,,3.141613737944013,0.0
2,503,-0.4033728338940568,,3.153375676311456,0.0
2,504,-0.4058587834217358,,3.1651376146788994,0.0
2,505,-0.3837874636620892,,3.1416137379440134,0.0
2,506,-0.3948257091982274,,3.153375676311456,0.0
2,507,-0.41688463413673593,,3.176899553046342,0.0
2,508,-0.4193223766915938,,3.1886614914137845,0.0
2,509,-0.4303049322637177,,3.2004234297812273,0.0
2,510,-0.4326943652820694,,3.2121853681486705,0.0
2,511,-0.4326943652820694,,3.2121853681486705,0.0
2,512,-0.39981995717999574,,3.1768995530463418,0.0
2,513,-0.4326943652820694,,3.2121853681486705,0.0
2,514,-0.4436307826503104,,3.2239473065161137,0.0
2,515,-0.4459718279640664,,3.235709244883557,0.0
2,516,-0.4459718279640664,,3.235709244883557,0.0
2,517,-0.4568592604021807,,3.2474711832509997,0.0
2,518,-0.45915186415850784,,3.259233121618442,0.0
2,519,-0.45915186415850784,,3.259233121618442,0.0
2,520,-0.4374306471114411,,3.235709244883556,0.0
2,521,-0.46998746199734026,,3.270995059985885,0.0
2,522,-0.4830125059234412,,3.2945189367207712,0.0
2,523,-0.47446215867050867,,3.2945189367207712,0.0
2,524,-0.47446215867050867,,3.2945189367207712,0.0
2,525,-0.4852081618158155,,3.3062808750882144,0.0
2,526,-0.4852081618158155,,3.3062808750882144,0.0
2,527,-0.4959315333102376,,3.3180428134556577,0.0
2,528,-0.508741708557081,,3.3415666901905436,0.0
2,529,-0.5108404905834186,,3.353328628557986,0.0
2,530,-0.5108404905834186,,3.353328628557986,0.0
2,531,-0.5108404905834186,,3.353328628557986,0.0
2,532,-0.5108404905834186,,3.353328628557986,0.0
2,533,-0.5108404905834186,,3.353328628557986,0.0
2,534,-0.4895595565834025,,3.3298047518231,0.0
2,535,-0.5320096224797703,,3.376852505292872,0.0
2,536,-0.5255284549043954,,3.388614443660315,0.0
2,537,-0.5360264532495168,,3.4003763820277584,0.0
2,538,-0.5360264532495168,,3.4003763820277584,0.0
2,539,-0.5360264532495168,,3.4003763820277584,0.0
2,540,-0.5360264532495168,,3.4003763820277584,0.0
2,541,-0.567310628065986,,3.435662197130087,0.0
2,542,-0.5626381676878239,,3.4591860738649727,0.0
2,543,-0.5626381676878239,,3.4591860738649727,0.0
2,544,-0.5626381676878239,,3.4591860738649727,0.0
2,545,-0.5626381676878239,,3.4591860738649727,0.0
2,546,-0.5626381676878239,,3.4591860738649727,0.0
2,547,-0.5607440426314845,,3.4474241354975295,0.0
2,548,-0.5503870400388923,,3.4356621971300867,0.0
2,549,-0.5813391773709091,,3.4709480122324154,0.0
2,550,-0.5849716608054814,,3.494471888967301,0.0
2,551,-0.5849716608054814,,3.494471888967301,0.0
2,552,-0.5849716608054814,,3.494471888967301,0.0
2,553,-0.5849716608054814,,3.494471888967301,0.0
2,554,-0.5849716608054814,,3.494471888967301,0.0
2,555,-0.5951320566027796,,3.506233827334744,0.0
2,556,-0.596895097896869,,3.5179957657021874,0.0
2,557,-0.6069723283610571,,3.52975770406963,0.0
2,558,-0.6086881379784447,,3.5415196424370734,0.0
2,559,-0.6086881379784447,,3.5415196424370734,0.0
2,560,-0.6086881379784447,,3.5415196424370734,0.0
2,561,-0.6086881379784447,,3.5415196424370734,0.0
2,562,-0.6186793756066831,,3.5532815808045166,0.0
2,563,-0.6203482047563695,,3.56504351917196,0.0
2,564,-0.6302506287568418,,3.5768054575394026,0.0
2,565,-0.6318727509859973,,3.588567395906845,0.0
2,566,-0.6318727509859973,,3.588567395906845,0.0
2,567,-0.6318727509859973,,3.588567395906845,0.0
2,568,-0.6416835480342006,,3.6003293342742877,0.0
2,569,-0.6432592590283448,,3.612091272641731,0.0
2,570,-0.6432592590283448,,3.612091272641731,0.0
2,571,-0.6529756240243632,,3.623853211009174,0.0
2,572,-0.65450524140009,,3.6356151493766173,0.0
2,573,-0.65450524140009,,3.6356151493766173,0.0
2,574,-0.6641243782266624,,3.64737708774406,0.0
2,575,-0.6656082413169856,,3.6591390261115024,0.0
2,576,-0.6560250236689228,,3.6473770877440597,0.0
2,577,-0.6656082413169856,,3.6591390261115024,0.0
2,578,-0.6656082413169856,,3.6591390261115024,0.0
2,579,-0.6751273635981673,,3.6709009644789456,0.0
2,580,-0.6765658332305656,,3.682662902846389,0.0
2,581,-0.6859821650907857,,3.6944248412138316,0.0
2,582,-0.6873756233580277,,3.706186779581275,0.0
2,583,-0.6685473280623937,,3.682662902846389,0.0
2,584,-0.6873756233580277,,3.706186779581275,0.0
2,585,-0.6873756233580277,,3.706186779581275,0.0
2,586,-0.6873756233580277,,3.706186779581275,0.0
2,587,-0.7059244563994216,,3.729710656316161,0.0
2,588,-0.6993753141468563,,3.7414725946836036,0.0
2,589,-0.7085423850823089,,3.7532345330510464,0.0
2,590,-0.6901354710110931,,3.7297106563161604,0.0
2,591,-0.7085423850823089,,3.7532345330510464,0.0
2,592,-0.7176338068185519,,3.764996471418489,0.0
2,593,-0.7188947326129466,,3.7767584097859324,0.0
2,594,-0.7188947326129466,,3.7767584097859324,0.0
2,595,-0.7278723806135275,,3.7885203481533756,0.0
2,596,-0.7201473954694734,,3.7885203481533756,0.0
2,597,-0.6928597304778421,,3.753234533051047,0.0
2,598,-0.7290900312352709,,3.800282286520819,0.0
2,599,-0.7379511935122495,,3.8120442248882616,0.0
2,600,-0.7478680333134788,,3.8355681016231467,0.0
2,601,-0.7490006075378816,,3.84733003999059,0.0
2,602,-0.7490006075378816,,3.84733003999059,0.0
2,603,-0.7402931707862815,,3.835568101623147,0.0
2,604,-0.7136765255063022,,3.8002822865208183,0.0
2,605,-0.7576207233674953,,3.859091978358033,0.0
2,606,-0.7587115355767949,,3.8708539167254763,0.0
2,607,-0.7587115355767949,,3.8708539167254763,0.0
2,608,-0.7587115355767949,,3.8708539167254763,0.0
2,609,-0.7672071230538465,,3.8826158550929195,0.0
2,610,-0.7597951194894821,,3.8826158550929195,0.0
2,611,-0.7597951194894821,,3.8826158550929195,0.0
2,612,-0.7682567163748651,,3.8943777934603627,0.0
2,613,-0.7766251282511965,,3.9061397318278055,0.0
2,614,-0.7776340647029811,,3.917901670195248,0.0
2,615,-0.7776340647029811,,3.917901670195248,0.0
2,616,-0.78587267179916,,3.9296636085626906,0.0
2,617,-0.778636280901755,,3.929663608562691,0.0
2,618,-0.7868415319965194,,3.941425546930134,0.0
2,619,-0.7949477239520224,,3.953187485297577,0.0
2,620,-0.7958771068028692,,3.9649494236650202,0.0
2,621,-0.7958771068028692,,3.9649494236650202,0.0
2,622,-0.7958771068028692,,3.9649494236650202,0.0
2,623,-0.7958771068028692,,3.9649494236650202,0.0
2,624,-0.7958771068028692,,3.9649494236650202,0.0
2,625,-0.803848292824249,,3.976711362032463,0.0
2,626,-0.8125724248276867,,4.000235238767348,0.0
2,627,-0.8134247213319398,,4.011997177134791,0.0
2,628,-0.8134247213319398,,4.011997177134791,0.0
2,629,-0.8134247213319398,,4.011997177134791,0.0
2,630,-0.8134247213319398,,4.011997177134791,0.0
2,631,-0.8134247213319398,,4.011997177134791,0.0
2,632,-0.8287006402374925,,4.035521053869678,0.0
2,633,-0.8302615754016852,,4.059044930604563,0.0
2,634,-0.8302615754016852,,4.059044930604563,0.0
2,635,-0.8302615754016852,,4.059044930604563,0.0
2,636,-0.8302615754016852,,4.059044930604563,0.0
2,637,-0.8302615754016852,,4.059044930604563,0.0
2,638,-0.8227421596499973,,4.04728299223712,0.0
2,639,-0.8449559645563395,,4.082568807339449,0.0
2,640,-0.8463729571772923,,4.106092684074335,0.0
2,641,-0.8463729571772923,,4.106092684074335,0.0
2,642,-0.8463729571772923,,4.106092684074335,0.0
2,643,-0.8463729571772923,,4.106092684074335,0.0
2,644,-0.7450703010909262,,2.9522465302281815,0.0
2,645,-0.8534808903549572,,4.1178546224417785,0.0
2,646,-0.8611075733970293,,4.141378499176664,0.0
2,647,-0.861744788732666,,4.153140437544106,0.0
2,648,-0.861744788732666,,4.153140437544106,0.0
2,649,-0.861744788732666,,4.153140437544106,0.0
2,650,-0.861744788732666,,4.153140437544106,0.0
2,651,-0.861744788732666,,4.153140437544106,0.0
2,652,-0.8685452517160752,,4.1649023759115495,0.0
2,653,-0.8757922928141649,,4.188426252646436,0.0
2,654,-0.8697489300186441,,4.188426252646436,0.0
2,655,-0.8763636383515455,,4.200188191013879,0.0
2,656,-0.8828471060363816,,4.211950129381322,0.0
2,657,-0.8833866771214872,,4.223712067748765,0.0
2,658,-0.8833866771214872,,4.223712067748765,0.0
2,659,-0.889708142919954,,4.235474006116207,0.0
2,660,-0.8839225553428945,,4.235474006116208,0.0
2,661,-0.8902167322639697,,4.24723594448365,0.0
2,662,-0.8902167322639697,,4.24723594448365,0.0
2,663,-0.8902167322639697,,4.24723594448365,0.0
2,664,-0.8902167322639697,,4.24723594448365,0.0
2,665,-0.8963738975341309,,4.2589978828510935,0.0
2,666,-0.8968523116930804,,4.270759821218537,0.0
2,667,-0.8968523116930804,,4.270759821218537,0.0
2,668,-0.9028429068107149,,4.28252175958598,0.0
2,669,-0.8973274408111589,,4.28252175958598,0.0
2,670,-0.9091137508651935,,4.3060456363208655,0.0
2,671,-0.9037379365416114,,4.3060456363208655,0.0
2,672,-0.9095342878089009,,4.317807574688308,0.0
2,673,-0.9095342878089009,,4.317807574688308,0.0
2,674,-0.9095342878089009,,4.317807574688308,0.0
2,675,-0.9151850533083915,,4.329569513055751,0.0
2,676,-0.9155779140058385,,4.341331451423194,0.0
2,677,-0.9210554815485718,,4.353093389790637,0.0
2,678,-0.9214215241150968,,4.364855328158081,0.0
2,679,-0.9214215241150968,,4.364855328158081,0.0
2,680,-0.9214215241150968,,4.364855328158081,0.0
2,681,-0.9214215241150968,,4.364855328158081,0.0
2,682,-0.9267237470839281,,4.376617266525524,0.0
2,683,-0.9321886057853982,,4.4001411432604085,0.0
2,684,-0.9325036336916296,,4.411903081627852,0.0
2,685,-0.9325036336916296,,4.411903081627852,0.0
2,686,-0.9325036336916296,,4.411903081627852,0.0
2,687,-0.9374488581697391,,4.423665019995295,0.0
2,688,-0.9377397121741179,,4.435426958362738,0.0
2,689,-0.9425033496628001,,4.447188896730181,0.0
2,690,-0.9427709331282392,,4.458950835097625,0.0
2,691,-0.9427709331282392,,4.458950835097625,0.0
2,692,-0.9380285495360687,,4.447188896730181,0.0
2,693,-0.9427709331282392,,4.458950835097625,0.0
2,694,-0.9473509708529415,,4.470712773465067,0.0
2,695,-0.947596197439307,,4.482474711832509,0.0
2,696,-0.947596197439307,,4.482474711832509,0.0
2,697,-0.947596197439307,,4.482474711832509,0.0
2,698,-0.947596197439307,,4.482474711832509,0.0
2,699,-0.9519906577345406,,4.494236650199952,0.0
2,700,-0.9522144509856852,,4.505998588567396,0.0
2,701,-0.9564213919415288,,4.517760526934839,0.0
2,702,-0.9566246848690675,,4.529522465302282,0.0
2,703,-0.9566246848690675,,4.529522465302282,0.0
2,704,-0.9606422009709139,,4.541284403669725,0.0
2,705,-0.9608259356348821,,4.553046342037168,0.0
2,706,-0.9608259356348821,,4.553046342037168,0.0
2,707,-0.9646521583962349,,4.56480828040461,0.0
2,708,-0.9648172854827659,,4.576570218772053,0.0
2,709,-0.9648172854827659,,4.576570218772053,0.0
2,710,-0.9648172854827659,,4.576570218772053,0.0
2,711,-0.9648172854827659,,4.576570218772053,0.0
2,712,-0.9648172854827659,,4.576570218772053,0.0
2,713,-0.9684503840709046,,4.588332157139496,0.0
2,714,-0.972036044321391,,4.611856033874383,0.0
2,715,-0.9721668406873303,,4.623617972241825,0.0
2,716,-0.9754083521302025,,4.6353799106092675,0.0
2,717,-0.9755234404687166,,4.647141848976711,0.0
2,718,-0.9722967229663844,,4.635379910609268,0.0
2,719,-0.9722967229663844,,4.635379910609268,0.0
2,720,-0.9755234404687166,,4.647141848976711,0.0
2,721,-0.9785665673086301,,4.658903787344154,0.0
2,722,-0.9786669285323374,,4.670665725711597,0.0
2,723,-0.9786669285323374,,4.670665725711597,0.0
2,724,-0.9786669285323374,,4.670665725711597,0.0
2,725,-0.9786669285323374,,4.670665725711597,0.0
2,726,-0.9786669285323374,,4.670665725711597,0.0
2,727,-0.9815099966592108,,4.68242766407904,0.0
2,728,-0.9842379941278783,,4.705951540813926,0.0
2,729,-0.9843118693214356,,4.717713479181368,0.0
2,730,-0.9867499609457661,,4.729475417548811,0.0
2,731,-0.9868120888597046,,4.741237355916255,0.0
2,732,-0.9868120888597046,,4.741237355916255,0.0
2,733,-0.9868120888597046,,4.741237355916255,0.0
2,734,-0.9868120888597046,,4.741237355916255,0.0
2,735,-0.9890453457606301,,4.752999294283698,0.0
2,736,0.6862416378687335,,0.08233356857210068,0.0
2,737,-0.9890967305751919,,4.764761232651141,0.0
2,738,-0.9911236447578665,,4.776523171018584,0.0
2,739,-0.9911652953677218,,4.788285109386027,0.0
2,740,-0.9911652953677218,,4.788285109386027,0.0
2,741,-0.9911652953677218,,4.788285109386027,0.0
2,742,-0.9911652953677218,,4.788285109386027,0.0
2,743,-0.9911652953677218,,4.788285109386027,0.0
2,744,-0.9911652953677218,,4.788285109386027,0.0
2,745,-0.9929844017710929,,4.800047047753469,0.0
2,746,-0.9930173313410321,,4.811808986120912,0.0
2,747,-0.9946272083822738,,4.823570924488355,0.0
2,748,-0.9946524339014954,,4.8353328628557986,0.0
2,749,-0.9960517040113627,,4.847094801223242,0.0
2,750,-0.9972575759954471,,4.870618677958127,0.0
2,751,-0.9960886574028387,,4.870618677958127,0.0
2,752,-0.9960886574028387,,4.870618677958127,0.0
2,753,-0.9610161805715395,,1.6819571865443426,0.0
2,754,-0.9972704574425114,,4.88238061632557,0.0
2,755,-0.9972704574425114,,4.88238061632557,0.0
2,756,-0.9972704574425114,,4.88238061632557,0.0
2,757,-0.9990077654016645,,4.905904493060456,0.0
2,758,-0.9972959495872917,,4.905904493060456,0.0
2,759,-0.9990170783941847,,4.9294283697953425,0.0
2,760,-0.9990170783941847,,4.9294283697953425,0.0
2,761,-0.9990170783941847,,4.9294283697953425,0.0
2,762,-0.9990170783941847,,4.9294283697953425,0.0
2,763,-0.9995610435729714,,4.941190308162786,0.0
2,764,-0.9995631061850677,,4.952952246530228,0.0
2,765,-0.9998902548712462,,4.96471418489767,0.0
2,766,-0.999890770580734,,4.976476123265114,0.0
2,767,-0.999890770580734,,4.976476123265114,0.0
2,768,-0.999890770580734,,4.976476123265114,0.0
2,769,-0.9914882016907979,,4.8823806163255705,0.0
2,770,-0.9914882016907979,,4.8823806163255705,0.0
2,771,-0.9895433676689273,,4.870618677958127,0.0
2,772,-0.9914882016907979,,4.8823806163255705,0.0
2,773,-0.9932414835155887,,4.894142554693013,0.0
2,774,-0.9946272083822738,,4.823570924488355,0.0
2,775,-0.9930500296979966,,4.823570924488355,0.0
2,776,-0.9946524339014954,,4.8353328628557986,0.0
2,777,-0.9946524339014954,,4.8353328628557986,0.0
2,778,-0.9946524339014954,,4.8353328628557986,0.0
2,779,-0.9946524339014954,,4.8353328628557986,0.0
2,780,-0.9972446031602725,,4.858856739590684,0.0
2,781,-0.9960886574028387,,4.870618677958127,0.0
2,782,-0.9960886574028387,,4.870618677958127,0.0
2,783,-0.9972704574425114,,4.88238061632557,0.0
2,784,-0.9972704574425114,,4.88238061632557,0.0
2,785,-0.9972704574425114,,4.88238061632557,0.0
2,786,-0.998244559657375,,4.894142554693013,0.0
2,787,-0.998252806492682,,4.905904493060456,0.0
2,788,-0.9972832483577118,,4.894142554693013,0.0
2,789,-0.9962981749346078,,2.5052928722653496,0.0
2,790,-0.9990170783941847,,4.9294283697953425,0.0
2,791,-0.9990170783941847,,4.9294283697953425,0.0
2,792,-0.9990170783941847,,4.9294283697953425,0.0
2,793,-0.9990170783941847,,4.9294283697953425,0.0
2,794,-0.9998897355008789,,4.952952246530228,0.0
2,795,-0.999890770580734,,4.976476123265114,0.0
2,796,-0.9995651542935866,,4.964714184897671,0.0
2,797,-0.999890770580734,,4.976476123265114,0.0
2,798,-0.999890770580734,,4.976476123265114,0.0
2,799,-0.999890770580734,,4.976476123265114,0.0
2,800,-0.9990677416889607,,3.375676311456128,0.0
2,801,-0.9990677416889607,,3.375676311456128,0.0
2,802,-0.9990677416889607,,3.375676311456128,0.0
2,803,-0.9990677416889607,,3.375676311456128,0.0
2,804,-0.9990677416889607,,3.375676311456128,0.0
2,805,-0.9990677416889607,,3.375676311456128,0.0
2,806,-0.9990677416889607,,3.375676311456128,0.0
2,807,-0.9990677416889607,,3.375676311456128,0.0
2,808,-0.9990677416889607,,3.375676311456128,0.0
2,809,-0.9990677416889607,,3.375676311456128,0.0
2,810,-0.9990677416889607,,3.375676311456128,0.0
2,811,-0.9990677416889607,,3.375676311456128,0.0
2,812,-0.9990677416889607,,3.375676311456128,0.0
2,813,-0.9990677416889607,,3.375676311456128,0.0
2,814,-0.9990677416889607,,3.375676311456128,0.0
2,815,-0.9990677416889607,,3.375676311456128,0.0
2,816,-0.9990677416889607,,3.375676311456128,0.0
2,817,-0.9990677416889607,,3.375676311456128,0.0
2,818,-0.9990677416889607,,3.375676311456128,0.0
2,819,-0.9990677416889607,,3.375676311456128,0.0
2,820,-3.0,,3.375676311456128,0.0
2,821,-3.0,,3.375676311456128,0.0
2,822,-3.0,,3.375676311456128,0.0
2,823,-3.0,,3.375676311456128,0.0
2,824,-3.0,,3.375676311456128,0.0
2,825,-3.0,,3.375676311456128,0.0
2,826,-3.0,,3.375676311456128,0.0
2,827,-3.0,,3.375676311456128,0.0
2,828,-3.0,,3.375676311456128,0.0
2,829,-3.0,,3.375676311456128,0.0
2,830,-3.0,,3.375676311456128,0.0
2,831,-3.0,,3.375676311456128,0.0
2,832,-3.0,,3.375676311456128,0.0
2,833,-3.0,,3.375676311456128,0.0
2,834,-3.0,,3.375676311456128,0.0
2,835,-3.0,,3.375676311456128,0.0
2,836,-3.0,,3.375676311456128,0.0
2,837,-3.0,,3.375676311456128,0.0
2,838,-3.0,,3.375676311456128,0.0
2,839,-3.0,,3.375676311456128,0.0
2,840,-3.0,,3.375676311456128,0.0
2,841,-3.0,,3.375676311456128,0.0
2,842,-3.0,,3.0122324159021403,0.0
2,843,-0.9945222871435062,,3.375676311456128,0.05
2,844,-0.9945222871435062,,3.375676311456128,0.0
2,845,-0.9945222871435062,,3.375676311456128,0.0
2,846,-0.9945222871435062,,3.375676311456128,0.0
2,847,-0.9945222871435062,,3.375676311456128,0.0
2,848,-0.9945222871435062,,3.375676311456128,0.0
2,849,-0.9945222871435062,,3.375676311456128,0.0
2,850,-0.9945222871435062,,3.375676311456128,0.0
2,851,-0.9945222871435062,,3.375676311456128,0.0
2,852,-0.9945222871435062,,3.375676311456128,0.0
2,853,-0.9945222871435062,,3.375676311456128,0.0
2,854,-0.9990677416889607,,3.375676311456128,0.0
2,855,-0.9990677416889607,,3.375676311456128,0.0
2,856,-0.9990677416889607,,3.375676311456128,0.0
2,857,-0.9990677416889607,,3.375676311456128,0.0
2,858,-0.9990677416889607,,3.375676311456128,0.0
2,859,-0.9990677416889607,,3.375676311456128,0.0
2,860,-0.9990677416889607,,3.375676311456128,0.0
2,861,-0.9990677416889607,,3.375676311456128,0.0
2,862,-0.9990677416889607,,3.375676311456128,0.0
2,863,-3.0,,3.375676311456128,0.0
2,864,-3.0,,3.2709950599858857,0.0
2,865,-0.9937935957374621,,2.5170548106327923,0.05
2,866,-0.9937935957374621,,2.5170548106327923,0.0
2,867,-0.9937935957374621,,2.5170548106327923,0.0
2,868,-0.9937935957374621,,2.5170548106327923,0.0
2,869,-0.9937935957374621,,2.5170548106327923,0.0
2,870,-0.9937935957374621,,2.5170548106327923,0.0
2,871,-0.9937935957374621,,2.5170548106327923,0.0
2,872,-0.9937935957374621,,2.5170548106327923,0.0
2,873,-0.9937935957374621,,2.5170548106327923,0.0
2,874,-0.9937935957374621,,2.5170548106327923,0.0
2,875,-0.9937935957374621,,2.5170548106327923,0.0
2,876,-0.9983390502829166,,2.5170548106327923,0.0
2,877,-0.9983390502829166,,2.5170548106327923,0.0
2,878,-0.9983390502829166,,2.5170548106327923,0.0
2,879,-0.9983390502829166,,2.5170548106327923,0.0
2,880,-0.9983390502829166,,2.5170548106327923,0.0
2,881,-0.9983390502829166,,2.5170548106327923,0.0
2,882,-0.9983390502829166,,2.5170548106327923,0.0
2,883,-0.9983390502829166,,2.5170548106327923,0.0
2,884,-0.9983390502829166,,2.5170548106327923,0.0
2,885,-3.0,,2.5170548106327923,0.0
2,886,-3.0,,2.5170548106327923,0.0
2,887,-3.0,,2.5170548106327923,0.0
2,888,-3.0,,2.5170548106327923,0.0
2,889,-3.0,,2.5170548106327923,0.0
2,890,-3.0,,2.5170548106327923,0.0
2,891,-3.0,,2.5170548106327923,0.0
2,892,-3.0,,2.5170548106327923,0.0
2,893,-3.0,,2.5170548106327923,0.0
2,894,-3.0,,2.5170548106327923,0.0
2,895,-3.0,,2.5170548106327923,0.0
2,896,-3.0,,2.5170548106327923,0.0
2,897,-3.0,,2.5170548106327923,0.0
2,898,-3.0,,2.5170548106327923,0.0
2,899,-3.0,,2.5170548106327923,0.0
2,900,-3.0,,2.5170548106327923,0.0
2,901,-3.0,,2.5170548106327923,0.0
2,902,-3.0,,2.5170548106327923,0.0
2,903,-3.0,,2.5170548106327923,0.0
2,904,-3.0,,2.5170548106327923,0.0
2,905,-3.0,,2.5170548106327923,0.0
2,906,-3.0,,2.5170548106327923,0.0
2,907,-3.0,,2.5170548106327923,0.0
2,908,-3.0,,2.5170548106327923,0.0
2,909,-3.0,,2.5170548106327923,0.0
2,910,-3.0,,2.5170548106327923,0.0
2,911,-3.0,,2.5170548106327923,0.0
2,912,-3.0,,2.5170548106327923,0.0
2,913,-3.0,,2.5170548106327923,0.0
2,914,-3.0,,2.5170548106327923,0.0
3,summary,-0.23593356695358758,-215.6432801955792,2.5240836626418703,0.00026085832347772794
